{"cameraMode":{"drawMode":0,"name":"Shaded","section":"Shading Mode"},"sceneLighting":false,"audioPlay":false,"sceneViewState":{"m_AlwaysRefresh":false,"showFog":true,"showSkybox":false,"showFlares":true,"showImageEffects":true,"showParticleSystems":true,"showVisualEffectGraphs":true,"m_FxEnabled":true},"in2DMode":false,"pivot":{"x":-0.5184574127197266,"y":2.1929125785827638,"z":1.2827465534210206},"rotation":{"x":-0.018981263041496278,"y":-0.9039636850357056,"z":-0.040445636957883838,"w":0.42533963918685915},"size":2.3083503246307375,"orthographic":false}