{"cameraMode":{"drawMode":0,"name":"Shaded","section":"Shading Mode"},"sceneLighting":false,"audioPlay":false,"sceneViewState":{"m_AlwaysRefresh":false,"showFog":true,"showSkybox":false,"showFlares":true,"showImageEffects":true,"showParticleSystems":true,"showVisualEffectGraphs":true,"m_FxEnabled":true},"in2DMode":false,"pivot":{"x":-0.025000005960464479,"y":0.0655025839805603,"z":-0.1972978413105011},"rotation":{"x":-0.07374037802219391,"y":0.009887456893920899,"z":-0.000695754773914814,"w":-0.9972581267356873},"size":1.67471182346344,"orthographic":false}