{"cameraMode":{"drawMode":0,"name":"Shaded","section":"Shading Mode"},"sceneLighting":false,"audioPlay":false,"sceneViewState":{"m_AlwaysRefresh":false,"showFog":true,"showSkybox":false,"showFlares":true,"showImageEffects":true,"showParticleSystems":true,"showVisualEffectGraphs":true,"m_FxEnabled":true},"in2DMode":false,"pivot":{"x":0.3291255831718445,"y":0.8720840811729431,"z":-0.08962675929069519},"rotation":{"x":-0.002639990532770753,"y":-0.9358068704605103,"z":0.35256969928741457,"w":-0.006706711836159229},"size":2.235499620437622,"orthographic":false}