{"cameraMode":{"drawMode":0,"name":"Shaded","section":"Shading Mode"},"sceneLighting":false,"audioPlay":false,"sceneViewState":{"m_AlwaysRefresh":false,"showFog":true,"showSkybox":false,"showFlares":true,"showImageEffects":true,"showParticleSystems":true,"showVisualEffectGraphs":true,"m_FxEnabled":true},"in2DMode":false,"pivot":{"x":-0.6004781723022461,"y":1.9266576766967774,"z":-0.5453096628189087},"rotation":{"x":-0.005938302725553513,"y":-0.9926942586898804,"z":-0.10732326656579972,"w":0.05544721707701683},"size":2.160364866256714,"orthographic":false}