{"cameraMode":{"drawMode":0,"name":"Shaded","section":"Shading Mode"},"sceneLighting":false,"audioPlay":false,"sceneViewState":{"m_AlwaysRefresh":false,"showFog":true,"showSkybox":false,"showFlares":true,"showImageEffects":true,"showParticleSystems":true,"showVisualEffectGraphs":true,"m_FxEnabled":true},"in2DMode":false,"pivot":{"x":0.06859779357910156,"y":0.3133966326713562,"z":0.544745683670044},"rotation":{"x":-0.012037699110805989,"y":-0.9730195999145508,"z":-0.05230000242590904,"w":0.22453758120536805},"size":1.2124356031417847,"orthographic":false}