{"cameraMode":{"drawMode":0,"name":"Shaded","section":"Shading Mode"},"sceneLighting":false,"audioPlay":false,"sceneViewState":{"m_AlwaysRefresh":false,"showFog":true,"showSkybox":false,"showFlares":true,"showImageEffects":true,"showParticleSystems":true,"showVisualEffectGraphs":true,"m_FxEnabled":true},"in2DMode":false,"pivot":{"x":0.7728885412216187,"y":1.3548976182937623,"z":-0.5349278450012207},"rotation":{"x":0.19058619439601899,"y":0.49013692140579226,"z":-0.110866978764534,"w":0.8433269262313843},"size":2.6978769302368166,"orthographic":false}